t	labelRot(deg/s)	labelErr	sheenDiff	sheenAngle	armAngle	armDiff	textDiff
0.44				232	103.75		
0.61	155.9	6.1	0.61	232	103.75	0.31	0.00
0.78	217.6	5.5	0.89	232	103.75	0.38	0.00
0.98	145.0	7.1	0.88	232	103.75	0.32	0.00
1.13	216.7	7.1	0.55	232	103.75	0.32	0.00
1.26	223.1	6.3	0.38	232	103.75	0.33	0.00
1.40	164.3	5.6	0.30	232	103.75	0.33	0.00
1.53	223.1	5.9	0.51	232	103.75	0.39	0.00
1.66	165.4	3.5	0.59	232	103.75	0.31	0.00
1.79	207.7	3.9	0.57	232	103.75	0.28	0.00
1.93	200.0	4.9	0.48	232	103.75	0.23	0.00
2.06	207.7	6.1	0.45	232	103.75	0.24	0.00
2.20	182.1	6.3	0.52	232	103.75	0.28	0.00
2.33	184.6	5.8	0.50	232	103.75	0.30	0.00
2.46	157.7	4.6	0.60	232	103.75	0.26	0.00
2.59	200.0	4.1	0.79	232	103.75	0.29	0.00
2.73	178.6	5.9	0.83	232	103.75	0.31	0.00
2.86	211.5	6.5	0.63	232	103.75	0.30	0.00
3.00	210.7	6.3	0.49	232	103.75	0.31	0.00
3.14	192.9	6.2	0.35	232	103.75	0.35	0.00
3.27	207.7	6.4	0.36	232	103.75	0.37	0.00
3.41	178.6	4.4	0.62	232	103.75	0.35	0.00
3.54	180.8	3.5	0.63	232	104.00	0.30	0.00
3.68	182.1	4.5	0.50	232	104.00	0.24	0.00
3.81	219.2	5.1	0.47	232	104.00	0.22	0.00
3.95	185.7	6.4	0.51	232	104.00	0.26	0.00
4.08	192.3	6.2	0.51	232	104.00	0.30	0.00
4.20	195.8	5.4	0.58	232	104.00	0.29	0.00
4.33	153.8	4.2	0.60	232	104.00	0.26	0.00
4.46	173.1	3.3	0.72	232	104.00	0.29	0.00
4.59	200.0	6.3	0.77	232	104.00	0.30	0.00
4.72	223.1	6.3	0.53	232	104.00	0.31	0.00
4.87	220.0	7.2	0.40	232	104.00	0.36	0.00
5.01	214.3	7.5	0.33	232	104.00	0.39	0.00
5.15	182.1	4.9	0.54	232	104.00	0.35	0.00
5.28	184.6	3.8	0.64	232	104.00	0.32	0.00
5.41	188.5	3.9	0.53	232	104.00	0.26	0.00
5.55	200.0	4.9	0.50	232	104.00	0.22	0.00
5.68	203.8	6.2	0.47	232	104.00	0.25	0.00
5.82	182.1	6.3	0.52	232	104.00	0.28	0.00
5.95	161.5	5.1	0.46	232	104.00	0.28	0.00
6.08	203.8	5.7	0.65	232	104.00	0.30	0.00
6.21	173.1	3.4	0.71	232	104.00	0.27	0.00
6.34	196.2	6.1	0.81	232	104.25	0.30	0.00
6.48	175.0	5.7	0.58	232	104.25	0.28	0.00
6.61	257.7	7.2	0.47	232	104.25	0.34	0.00
6.75	189.3	6.2	0.32	232	104.25	0.34	0.00
6.88	203.8	6.2	0.43	232	104.25	0.38	0.00
7.01	188.5	4.2	0.68	232	104.25	0.34	0.00
7.14	180.8	3.4	0.60	232	104.25	0.29	0.00
7.28	160.7	4.2	0.47	232	104.25	0.22	0.00
7.41	246.2	5.7	0.47	232	104.25	0.23	0.00
7.55	160.7	5.6	0.49	232	104.25	0.25	0.00
7.68	215.4	6.9	0.53	232	104.25	0.32	0.00
7.81	180.8	5.4	0.59	232	104.25	0.29	0.00
7.95	164.3	4.5	0.68	232	104.25	0.28	0.00
8.08	176.9	4.2	0.76	232	104.25	0.30	0.00
8.21	203.8	6.4	0.73	232	104.25	0.55	37.82
8.37	225.0	7.8	0.55	232	104.25	5.20	0.00
8.51	178.6	5.6	0.33	232	102.25	10.88	0.00
8.64	150.0	5.0	0.29	232	98.00	14.33	0.00
8.78	103.6	3.4	0.35	232	94.00	12.82	0.00
8.91	76.9	2.0	0.44	232	92.75	6.82	0.00
9.05	39.3	0.8	0.44	232	92.75	4.10	0.00
9.18	19.2	0.2	0.42	232	92.75	0.61	0.00
9.32	7.1	0.0	0.37	232	92.75	0.14	0.00
9.45	0.0	0.0	0.04	232	92.75	0.02	0.00
9.58	0.0	0.0	0.00	232	92.75	0.00	0.00
9.71	0.0	0.0	0.00	232	92.75	0.00	0.00
9.85	0.0	0.0	0.00	232	92.75	0.00	0.00
9.99	0.0	0.0	0.00	232	92.75	0.00	0.00
10.13	0.0	0.0	0.00	232	92.75	0.00	0.00
10.26	0.0	0.0	0.00	232	92.75	0.00	0.00
10.39	0.0	0.0	0.00	232	92.75	0.00	0.00
10.53	0.0	0.0	0.00	232	92.75	0.00	0.00
10.67	0.0	0.0	0.00	232	92.75	0.00	0.00
10.82	0.0	0.0	0.00	232	92.75	0.00	0.00
10.95	0.0	0.0	0.00	232	92.75	0.00	0.00
11.09	0.0	0.0	0.00	232	92.75	0.00	0.00
11.23	0.0	0.0	0.00	232	92.75	0.00	0.00
11.36	0.0	0.0	0.00	232	92.75	0.00	0.00
11.51	0.0	0.0	0.00	232	92.75	0.00	0.00
11.65	0.0	0.0	0.00	232	92.75	0.00	0.00
11.78	0.0	0.0	0.00	232	92.75	0.00	0.00
11.92	0.0	0.0	0.00	232	92.75	0.00	0.00
12.06	0.0	0.0	0.00	232	92.75	0.00	0.00
12.25	0.0	0.0	0.11	232	92.75	1.75	37.82
12.40	13.3	0.1	0.40	232	92.75	4.18	0.00
12.53	46.2	0.9	0.37	232	95.25	10.10	0.00
12.66	88.5	2.1	0.39	232	99.50	14.10	0.00
12.80	132.1	3.4	0.44	232	103.25	14.28	0.00
12.94	185.7	4.7	0.47	232	104.25	7.22	0.00
13.12	225.0	9.4	0.56	232	104.25	4.51	0.00
13.26	178.6	6.2	0.51	232	104.25	0.30	0.00
13.40	167.9	5.4	0.57	232	104.25	0.30	0.00
13.54	185.7	5.1	0.72	232	104.25	0.29	0.00
13.69	153.3	4.2	0.77	232	104.50	0.30	0.00
13.82	203.8	6.4	0.72	232	104.50	0.30	0.00
13.95	226.9	6.3	0.53	232	104.50	0.30	0.00
14.08	223.1	6.3	0.36	232	104.50	0.34	0.00
14.22	192.9	6.6	0.32	232	104.50	0.37	0.00
14.36	203.6	5.3	0.59	232	104.50	0.38	0.00
14.50	171.4	3.6	0.64	232	104.50	0.31	0.00
14.63	192.3	4.1	0.54	232	104.50	0.25	0.00
14.77	203.6	4.9	0.48	232	104.50	0.22	0.00
14.91	210.7	7.1	0.51	232	104.50	0.27	0.00
15.05	178.6	6.2	0.50	232	104.50	0.30	0.00
15.18	180.8	5.4	0.56	232	104.50	0.29	0.00
15.33	176.7	5.3	0.73	232	104.50	0.30	0.00
15.46	150.0	3.1	0.69	232	104.50	0.26	0.00
15.59	200.0	6.3	0.77	232	104.50	0.31	0.00
15.73	207.1	6.3	0.53	232	104.50	0.31	0.00
15.86	226.9	6.2	0.41	232	104.50	0.33	0.00
16.03	200.0	8.5	0.34	232	104.50	0.42	0.00
16.16	196.2	4.9	0.54	232	104.50	0.36	0.00
16.29	184.6	3.8	0.65	232	104.50	3.00	17.58
16.43	178.6	6.7	0.53	232	104.50	5.27	0.00
16.56	253.8	40.4	0.51	232	103.25	7.34	0.00
16.70	189.3	37.1	0.48	232	101.75	9.18	0.00
16.84	171.4	7.8	0.51	232	100.50	7.15	0.00
16.98	192.9	5.3	0.58	232	100.25	5.37	0.00
17.11	188.5	3.9	0.65	232	100.25	3.51	0.00
17.25	171.4	2.6	0.71	232	100.25	0.29	0.00
17.38	180.8	3.4	0.72	232	100.25	0.28	0.00
17.51	211.5	4.3	0.55	232	100.50	0.32	0.00
17.64	219.2	5.4	0.43	232	100.50	0.33	0.00
17.78	214.3	6.8	0.34	232	100.50	0.39	0.00
17.92	242.9	8.1	0.56	232	100.50	0.43	0.00
18.08	168.8	4.7	0.65	232	100.50	0.33	0.00
18.22	185.7	4.0	0.53	232	100.50	0.28	0.00
18.35	200.0	4.2	0.49	232	100.50	0.24	0.00
18.48	196.2	4.9	0.46	232	100.50	0.27	0.00
18.62	171.4	4.7	0.52	232	100.50	0.30	0.00
18.75	184.6	4.4	0.51	232	100.50	0.31	0.00
18.88	188.5	4.0	0.60	232	100.50	0.30	0.00
19.03	183.3	3.1	0.75	232	100.50	0.31	0.00
19.16	176.9	3.3	0.75	232	100.50	0.27	0.00
19.29	238.5	5.0	0.59	232	100.50	0.33	0.00
19.43	178.6	4.4	0.42	232	100.50	0.31	0.00
19.56	207.7	5.5	0.32	232	100.50	0.35	0.00
19.69	207.7	5.6	0.43	232	100.50	0.38	0.00
19.83	242.9	7.3	0.71	232	100.50	0.39	0.00
19.99	181.2	5.1	0.57	232	100.50	0.32	0.00
20.13	185.7	4.1	0.48	232	100.75	0.24	0.00
20.28	170.0	5.0	0.45	232	100.75	0.26	0.00
20.41	207.7	5.7	0.56	232	100.75	0.32	0.00
20.55	171.4	4.4	0.51	232	100.75	0.31	0.00
20.68	188.5	4.0	0.60	232	100.75	0.29	0.00
20.82	175.0	2.7	0.70	232	100.75	0.29	0.00
20.95	200.0	4.0	0.81	232	100.75	0.30	0.00
21.08	184.6	3.4	0.59	232	100.75	0.28	0.00
21.21	246.2	6.4	0.47	232	100.75	0.36	0.00
21.34	180.8	4.4	0.32	232	100.75	0.32	0.00
21.47	207.7	5.6	0.37	232	100.75	0.38	0.00
21.60	184.6	4.2	0.57	232	100.75	0.34	0.00
21.73	226.9	5.5	0.66	232	100.75	0.34	0.00
21.86	176.9	3.3	0.47	232	100.75	0.24	0.00
21.99	200.0	4.5	0.48	232	100.75	0.24	0.00
22.13	178.6	4.8	0.50	232	100.75	0.27	0.00
22.26	180.8	4.5	0.50	232	100.75	0.32	0.00
22.38	175.0	3.5	0.47	232	100.75	0.28	0.00
22.51	188.5	4.0	0.63	232	101.00	0.29	0.00
22.63	175.0	2.2	0.67	232	101.00	0.26	0.00
22.76	200.0	4.0	0.81	232	101.00	0.31	0.00
22.88	200.0	3.4	0.58	232	101.00	0.28	0.00
23.01	215.4	5.3	0.49	232	101.00	0.32	0.00
23.14	211.5	5.5	0.35	232	101.00	0.35	0.00
23.26	195.8	4.5	0.35	232	101.00	0.34	0.00
23.39	211.5	5.2	0.61	232	101.00	0.36	0.00
23.53	210.7	5.5	0.66	232	101.00	0.35	0.00
23.66	176.9	3.3	0.47	232	101.00	0.24	0.00
23.79	200.0	4.5	0.48	232	101.00	0.24	0.00
23.92	192.3	4.8	0.50	232	101.00	0.28	0.00
24.06	167.9	4.5	0.50	232	101.00	0.31	0.00
24.19	184.6	4.4	0.56	232	101.00	0.30	0.00
24.32	188.5	3.7	0.65	232	101.00	4.32	34.88
24.46	171.4	13.8	0.71	232	101.00	4.33	0.00
24.59	196.2	52.8	0.77	232	100.75	1.75	0.00
24.72	196.2	37.8	0.53	232	100.50	2.15	0.00
24.85	169.2	5.4	0.41	232	100.25	1.37	0.00
24.98	192.3	5.4	0.33	232	100.25	4.74	0.00
25.11	223.1	6.6	0.49	232	100.25	4.10	0.00
25.25	189.3	4.6	0.64	232	100.25	0.32	0.00
25.38	180.8	2.9	0.50	232	100.25	0.25	0.00
25.51	207.7	4.3	0.51	232	100.25	0.22	0.00
25.64	207.7	5.7	0.45	232	100.25	0.21	0.00
25.77	203.8	6.4	0.53	232	100.25	0.26	0.00
25.91	185.7	7.1	0.50	232	100.25	0.28	0.00
26.04	226.9	8.2	0.66	232	100.25	0.30	0.00
26.18	164.3	3.6	0.65	232	100.25	0.23	0.00
26.31	200.0	3.8	0.78	232	100.50	0.27	0.00
26.44	196.2	4.1	0.69	232	100.50	0.27	0.00
26.58	182.1	4.7	0.52	232	100.50	0.29	0.00
26.71	192.3	5.4	0.35	232	100.50	0.31	0.00
26.84	196.2	5.4	0.34	232	100.50	0.35	0.00
26.98	207.1	6.0	0.63	232	100.50	0.37	0.00
27.11	176.9	3.1	0.58	232	100.50	0.28	0.00
27.24	207.7	4.7	0.53	232	100.50	0.25	0.00
27.37	184.6	3.9	0.46	232	100.50	0.19	0.00
27.49	225.0	5.9	0.46	232	100.50	0.23	0.00
27.62	200.0	6.8	0.52	232	100.50	0.27	0.00
27.75	173.1	5.9	0.46	232	100.50	0.26	0.00
27.88	226.9	7.4	0.66	232	100.50	0.29	0.00
28.01	200.0	4.5	0.70	232	100.50	0.26	0.00
28.14	200.0	3.4	0.81	232	100.50	0.27	0.00
28.28	203.6	5.4	0.60	232	100.50	0.29	0.00
28.43	170.0	5.2	0.43	232	100.50	0.31	0.00
28.56	192.3	5.4	0.33	232	100.50	0.33	0.00
28.70	182.1	5.2	0.46	232	100.50	0.34	0.00
28.83	200.0	4.7	0.66	232	100.50	0.33	0.00
28.96	207.7	3.9	0.54	232	100.50	0.27	0.00
29.10	192.9	4.3	0.51	232	100.50	0.21	0.00
29.23	207.7	5.7	0.45	232	100.50	0.21	0.00
29.36	203.8	6.4	0.53	232	100.50	0.25	0.00
29.50	185.7	7.1	0.50	232	100.50	0.29	0.00
29.65	196.7	8.2	0.66	232	100.50	0.29	0.00
29.78	200.0	4.9	0.71	232	100.50	0.25	0.00
29.93	196.7	4.4	0.86	232	100.50	0.29	0.00
30.06	196.2	4.2	0.63	232	100.50	0.28	0.00
30.20	182.1	4.8	0.48	232	100.75	0.30	0.00
30.33	192.3	5.9	2.36	232	100.50	6.14	26.67
30.46	180.8	6.9	3.85	232	100.00	7.68	0.00
30.59	157.7	7.9	3.38	232	97.50	11.09	0.00
30.74	26.7	2.6	0.77	232	94.25	9.66	0.00
30.88	0.0	0.1	0.28	232	92.75	5.58	0.00
31.01	0.0	0.1	0.22	232	92.75	3.84	0.00
31.15	25.0	0.1	0.21	232	92.75	1.41	0.00
31.28	11.5	0.0	0.19	232	92.75	0.11	0.00
31.43	0.0	0.0	0.10	232	92.75	0.04	0.00
31.56	0.0	0.0	0.00	232	92.75	0.00	0.00
31.70	0.0	0.0	0.00	232	92.75	0.00	0.00
31.83	0.0	0.0	0.00	232	92.75	0.00	0.00
31.96	0.0	0.0	0.00	232	92.75	0.00	0.00
32.10	0.0	0.0	0.00	232	92.75	0.00	0.00
32.25	0.0	0.0	0.00	232	92.75	0.00	0.00
32.40	0.0	0.0	0.00	232	92.75	0.00	0.00
32.53	0.0	0.0	0.00	232	92.75	0.00	0.00
32.66	0.0	0.0	0.00	232	92.75	0.00	0.00
32.80	0.0	0.0	0.00	232	92.75	0.00	0.00
32.94	0.0	0.0	0.00	232	92.75	0.00	0.00
33.09	0.0	0.0	0.00	232	92.75	0.00	0.00
33.23	0.0	0.0	0.00	232	92.75	0.00	0.00
33.36	0.0	0.0	0.00	232	92.75	0.00	0.00
33.50	0.0	0.0	0.00	232	92.75	0.00	0.00
33.63	0.0	0.0	0.00	232	92.75	0.00	0.00
33.76	0.0	0.0	0.00	232	92.75	0.00	0.00
33.90	0.0	0.0	0.00	232	92.75	0.00	0.00
34.03	0.0	0.0	0.00	232	92.75	0.00	0.00
34.16	0.0	0.0	0.00	232	92.75	0.00	0.00
34.29	0.0	0.0	1.34	232	92.75	3.41	22.97
34.43	25.0	1.4	3.72	232	93.00	6.21	0.00
34.56	69.2	10.0	3.90	232	96.00	12.65	0.00
34.70	117.9	9.2	1.61	232	100.25	14.62	0.00
34.84	178.6	6.2	0.44	232	103.50	13.72	0.00
34.98	178.6	6.2	0.51	232	103.75	5.84	0.00
35.12	175.0	5.9	0.50	232	103.75	3.50	0.00
35.26	189.3	5.8	0.68	232	103.75	0.31	0.00
35.40	164.3	3.6	0.75	232	103.75	0.28	0.00
35.53	192.3	5.9	0.82	232	103.75	0.31	0.00
35.67	196.4	6.4	0.63	232	103.75	0.30	0.00
35.80	226.9	6.3	0.49	232	103.75	0.31	0.00
35.93	207.7	6.2	0.35	232	103.75	0.34	0.00
36.06	207.7	6.4	0.37	232	103.75	0.37	0.00
36.20	178.6	4.4	0.61	232	103.75	0.35	0.00
36.33	180.8	3.5	0.63	232	103.75	0.30	0.00
36.46	196.2	4.5	0.51	232	103.75	0.24	0.00
36.60	203.6	5.1	0.46	232	103.75	0.22	0.00
36.73	200.0	6.3	0.51	232	103.75	0.26	0.00
36.86	192.3	6.2	0.51	232	103.75	0.29	0.00
37.00	167.9	5.4	0.57	232	103.75	0.29	0.00
